<?xml version="1.0" encoding="UTF-8" standalone="yes"?>
<addon id="plugin.video.tkodi" name="tkodi" version="1.0.1" provider-name="Trendkilla">
  <requires>
    <import addon="xbmc.python" version="2.1.0"/>
  </requires>
  <extension point="xbmc.python.pluginsource" library="default.py">
        <provides>video executable</provides>
  </extension>
  <extension point="xbmc.addon.metadata">
    <summary lang="en">Trendkilla</summary>
    <description lang="en">Trendkilla's Custom CellarDoor and Husham Kodi Build##
##Credit To Husham for his support and friendship##</description>
    <platform>all</platform>
  </extension>
</addon>
